[
	{
		"id": "1",
		"name": "Red T-shirt",
		"price": 20,
		"quantity": 0,
		"sellerId": "101",
		"imageUrl": "https://uniworthdress.com/uploads/product/FS1456RF..jpg",
		"saleHistory": [
			{
				"buyerUsername": "john_doe",
				"sellerUsername": "Unknown Seller",
				"quantity": 2,
				"totalPrice": 40,
				"date": "2024-03-06T12:04:42.962Z"
			}
		]
	},
	{
		"id": "2",
		"name": "Blue Jeans",
		"price": 35,
		"quantity": 2,
		"sellerId": "102",
		"imageUrl": "https://thedenimcompany.pk/cdn/shop/products/50.jpg?v=1661433754",
		"saleHistory": [
			{
				"buyerUsername": "john_doe",
				"sellerUsername": "Unknown Seller",
				"quantity": 2,
				"totalPrice": 70,
				"date": "2024-03-15T16:31:17.884Z"
			},
			{
				"buyerUsername": "john_doe",
				"sellerUsername": "Unknown Seller",
				"quantity": 2,
				"totalPrice": 70,
				"date": "2024-03-17T13:33:53.246Z"
			}
		]
	},
	{
		"id": "3",
		"name": "Black Hoodie",
		"price": 45,
		"quantity": 14,
		"sellerId": "101",
		"imageUrl": "https://www.hallensteins.com/content/products/ab-organic-hooded-sweat-black-front-10002786.jpg",
		"saleHistory": [
			{
				"buyerUsername": "john_doe",
				"sellerUsername": "Unknown Seller",
				"quantity": 2,
				"totalPrice": 90,
				"date": "2024-03-05T23:07:01.544Z"
			},
			{
				"buyerUsername": "john_doe",
				"sellerUsername": "Unknown Seller",
				"quantity": 1,
				"totalPrice": 45,
				"date": "2024-03-18T17:08:10.016Z"
			}
		]
	},
	{
		"id": "4",
		"imageUrl": "https://sowears.net/cdn/shop/products/www-sowears-net-dresses-mayday-black-floral-dress-38745699614928.jpg?v=1679762321",
		"name": "Dress",
		"price": 30,
		"quantity": 39,
		"sellerId": "104"
	},
	{
		"id": "5",
		"name": "Denim Jacket",
		"imageUrl": "https://uniworthdress.com/uploads/product/JK2300-1..jpg",
		"price": 50,
		"quantity": 5,
		"sellerId": "101",
		"saleHistory": [
			{
				"buyerUsername": "john_doe",
				"sellerUsername": "alex_green",
				"quantity": 1,
				"totalPrice": 50,
				"date": "2024-03-05T22:50:47.394Z"
			},
			{
				"buyerUsername": "john_doe",
				"sellerUsername": "Unknown Seller",
				"quantity": 2,
				"totalPrice": 100,
				"date": "2024-03-06T14:15:32.139Z"
			}
		]
	},
	{
		"id": "6",
		"imageUrl": "https://fittedshop.com/cdn/shop/files/3_ada8d029-a1d3-45b7-8e23-87898c208368.jpg?v=1698124685",
		"name": "Striped Shirt",
		"price": 25,
		"quantity": 35,
		"sellerId": "106"
	},
	{
		"name": "jeans",
		"price": 120,
		"quantity": 23,
		"sellerId": "101",
		"imageUrl": "https://www.bugatti-fashion.com/media/bug_magazin_ratgeber_slim-jeans2280x1200.jpg",
		"id": "8"
	}
]
